﻿<?xml version="1.0"?>
<!DOCTYPE CodeBlocks_compiler_options>
<CodeBlocks_compiler_options>
    <Program name="C"       value="ifort.exe"/>
    <Program name="CPP"     value="ifort.exe"/>
    <Program name="LD"      value="ifort.exe"/>
    <Program name="LIB"     value="xilib.exe"/>
    <Program name="WINDRES" value=""/>
    <Program name="MAKE"    value="make"/>

    <Switch name="includeDirs"             value="/I"/>
    <Switch name="libDirs"                 value="/LIBPATH"/>
    <Switch name="linkLibs"                value=""/>
    <Switch name="defines"                 value="/D"/>
    <Switch name="genericSwitch"           value="/"/>
    <Switch name="objectExtension"         value="obj"/>
    <Switch name="forceFwdSlashes"         value="false"/>
    <Switch name="forceLinkerUseQuotes"    value="false"/>
    <Switch name="forceCompilerUseQuotes"  value="false"/>
    <Switch name="needDependencies"        value="false"/>
    <Switch name="logging"                 value="default"/>
    <Switch name="libPrefix"               value=""/>
    <Switch name="libExtension"            value="lib"/>
    <Switch name="linkerNeedsLibPrefix"    value="false"/>
    <Switch name="linkerNeedsLibExtension" value="true"/>

    <Category name="Debug and diagnostics related">
        <Option name="Include debugging information in the object files"
            option="/debug:full"/>
        <Option name="Trap uninitialized variables"
            option="/Qtrapuv"/>
        <Option name="Perform syntax and semantic checking only (no object file produced)"
            option="/Zs"/>
        <Option name="Disable all warning messages"
            option="/warn:none"/>
        <Option name="Warn for any undeclared symbols"
            option="/warn:declarations"/>
        <Option name="Enable some warning messages"
            option="/warn:general"/>
        <Option name="Enable all warning messages"
            option="/warn:all"/>
        <Option name="Force warnings to be reported as errors"
            option="/warn:errors"/>
        <Option name="Treat Fortran standard warnings as errors"
            option="/warn:stderrors"/>
        <Option name="Check routine interfaces"
            option="/warn:interfaces"/>
        <Option name="Create interface blocks for all routines in the file"
            option="/gen-interfaces"/>
        <Option name="Generate traceback information at runtime failure"
            option="/traceback"/>
    </Category>
            
    <Category name="Optimization">
        <Option name="Disable optimizations"
                option="/Od"
                supersedes="/01 /O2 /O3"/>
        <Option name="Enable optimizations at the /O1 level"
                option="/O1"
                supersedes="/0d /O2 /O3"/>
        <Option name="Enable optimizations at the /O2 level"
                option="/O2"
                supersedes="/0d /O1 /O3"/>
        <Option name="Enable optimizations at the /O3 level"
                option="/O3"
                supersedes="/0d /O1 /O2"/>
        <Option name="Enable optimizations that do not increase code size"
                option="/Os"/>
        <Option name="Enable interprocedural optimization between files"
                option="/Qipo"
                additionalLibs="/Qipo"/>
        <Option name="Maximize speed across the entire program"
                option="/fast"
                supersedes="/0d /O1 /O2 /O3 /Qipo"
                additionalLibs="/fast"/>
        <Option name="Disable inlining"
                option="/Ob0"
                supersedes="/Ob2"/>
        <Option name="Inline any function, at the compiler's discretion"
                option="/Ob2"
                supersedes="/Ob0"/>
        <Option name="Maintain floating point precision (disables some optimizations)"
                option="/fltconsistency"/>
        <Option name="Improve floating-point precision and consistency"
                option="/Qprec"/>
        <Option name="Improve precision of floating-point divides (some speed impact)"
                option="/Qprec-div"
                supersedes="/Qprec-div-"/>
        <Option name="Use less precise floating-point division computations (some speed impact)"
                option="/Qprec-div-"
                supersedes="/Qprec-div"/>
        <Option name="Improve precision of square root implementations"
                option="/Qprec-sqrt"
                supersedes="/Qprec-sqrt-"/>
        <Option name="Uses a faster but less precise implementation of square root"
                option="/Qprec-sqrt-"
                supersedes="/Qprec-sqrt"/>
        <Option name="Enable fp stack checking after every function/procedure call"
                option="/Qfp-stack-check"/>
        <Option name="Optimize code for host processor"
                option="/QxHost"
                supersedes="/QxCORE-AVX2 /QxAVX /QxSSE4.2 /QxSSE4.1 /QxSSSE3_ATOM /QxSSSE3 /QxSSE3 /QxSSE2"/>
        <Option name="Optimize code for Intel processors that support AVX2"
                option="/QxCORE-AVX2"
                supersedes="/QxHost /QxAVX /QxSSE4.2 /QxSSE4.1 /QxSSSE3_ATOM /QxSSSE3 /QxSSE3 /QxSSE2"/>
        <Option name="Optimize code for Intel processors that support AVX"
                option="/QxAVX"
                supersedes="/QxCORE-AVX2 /QxHost /QxSSE4.2 /QxSSE4.1 /QxSSSE3_ATOM /QxSSSE3 /QxSSE3 /QxSSE2"/>
        <Option name="Optimize code for Intel processors that support SSE4.2"
                option="/QxSSE4.2"
                supersedes="/QxCORE-AVX2 /QxAVX /QxHost /QxSSE4.1 /QxSSSE3_ATOM /QxSSSE3 /QxSSE3 /QxSSE2"/>
        <Option name="Optimize code for Intel processors that support SSE4.1"
                option="/QxSSE4.1"
                supersedes="/QxCORE-AVX2 /QxAVX /QxSSE4.2 /QxHost /QxSSSE3_ATOM /QxSSSE3 /QxSSE3 /QxSSE2"/>
        <Option name="Optimize code for Intel processors that support MOVBE"
                option="/QxSSSE3_ATOM"
                supersedes="/QxCORE-AVX2 /QxAVX /QxSSE4.2 /QxSSE4.1 /QxHost /QxSSSE3 /QxSSE3 /QxSSE2"/>
        <Option name="Optimize code for Intel processors that support SSSE3"
                option="/QxSSSE3"
                supersedes="/QxCORE-AVX2 /QxAVX /QxSSE4.2 /QxSSE4.1 /QxSSSE3_ATOM /QxHost /QxSSE3 /QxSSE2"/>
        <Option name="Optimize code for Intel processors that support SSE3"
                option="/QxSSE3"
                supersedes="/QxCORE-AVX2 /QxAVX /QxSSE4.2 /QxSSE4.1 /QxSSSE3_ATOM /QxSSSE3 /QxHost /QxSSE2"/>
        <Option name="Optimize code for Intel processors that support SSE2"
                option="/QxSSE2"
                supersedes="/QxCORE-AVX2 /QxAVX /QxSSE4.2 /QxSSE4.1 /QxSSSE3_ATOM /QxSSSE3 /QxSSE3 /QxHost"/>
    </Category>
    
    <Category name="Parallelization with OpenMP"
              exclusive="true">
        <Option name="Enables the parallelizer to generate multi-threaded code based on OpenMP directives."
                option="/Qopenmp"
                additionalLibs="/Qopenmp"/>
    </Category>
            
    <Category name="Language">
        <Option name="Treate allocatable objects on the left-hand side of an assignment according to Fortran 2003 rules"
                option="/assume:realloc_lhs"
                supersedes="/assume:norealloc_lhs"/>
        <Option name="Do not treate allocatable objects on the left-hand side of an assignment according to Fortran 2003 rules"
                option="/assume:norealloc_lhs"
                supersedes="/assume:realloc_lhs"/>
        <Option name="Source files are in fixed format"
                option="/fixed"
                supersedes="/free"/>
        <Option name="Source files are in free format"
                option="/free"
                supersedes="/fixed"/>
        <Option name="The statement field ends at column 132 in a fixed-format file"
                option="/extend-source"/>
        <Option name="Warn if language is not standard Fortran 90"
                option="/stand:f90"/>
        <Option name="Warn if language is not standard Fortran 95"
                option="/stand:f95"/>
        <Option name="Warn if language is not standard Fortran 2003"
                option="/stand:f03"/>
        <Option name="Warn if language is not standard Fortran 08"
                option="/stand:f08"/>
    </Category>
            
    <Category name="Runtime Checks">
        <Option name="Enable all runtime error checks"
                option="/C"/>
        <Option name="Runtime checks for out-of-bounds array subscript/substring refs"
                option="/CB"/>
        <Option name="Runtime checks for valid pointers"
                option="/CA"/>
        <Option name="Runtime checks for uninitialized variables"
                option="/CU"/>
     </Category>
            
    <Category name="Preprocessor">
        <Option name="Run Fortran preprocessor on source files prior to compilation"
                option="/fpp"/>
     </Category>
            
    <Category name="Compatibility">
        <Option name="Execute any DO loop at least once"
                option="/Qonetrip"/>
        <Option name="Enable Fortran 66 semantics"
                option="/f66"/>
        <Option name="Enable F77 run-time compatibility"
                option="/f77rtl"/>
     </Category>
            

    <Category name="Data">
        <Option name="Set default KIND of integer and logical variables to 2"
                option="/4I2"
                supersedes="/4I4 /4I8"/>
        <Option name="Set default KIND of integer and logical variables to 4"
                option="/4I4"
                supersedes="/4I2 /4I8"/>
        <Option name="Set default KIND of integer and logical variables to 8"
                option="/4I8"
                supersedes="/4I2 /4I4"/>
        <Option name="Set default size of REAL to 8"
                option="/4R8"
                supersedes="/4R16"/>
        <Option name="Set default size of REAL to 16"
                option="/4R16"
                supersedes="/4R8"/>
        <Option name="Set default Double Precision KIND to 16"
                option="/double-size:128"/>
        <Option name="Initialize local saved scalars to zero"
                option="/Qzero"/>
        <Option name="Place variables in static memory"
                option="/Qsave"/>
        <Option name="Add padding bytes whenever possible to obtain the natural alignment"
                option="/align"/>
    </Category>            
  
    <Command name="CompileObject"
             value="$compiler /nologo $options $includes /module:$objects_output_dir /c $file /object:$object"/>
    <Command name="CompileResource"
             value="$rescomp $res_includes -fo$resource_output $file"/>
    <Command name="LinkExe"
             value="$linker /nologo /subsystem:windows $libdirs /out:$exe_output $libs $link_objects $link_resobjects $link_options"/>
    <Command name="LinkConsoleExe"
             value="$linker /nologo $libdirs /exe:$exe_output $libs $link_objects $link_resobjects $link_options"/>
    <Command name="LinkDynamic"
             value="$linker /dll /nologo $libdirs /out:$exe_output $libs $link_objects $link_resobjects $link_options"/>
    <Command name="LinkStatic"
             value="$lib_linker /lib /nologo $libdirs /out:$static_output $libs $link_objects $link_resobjects $link_options"/>
 
   
     <RegEx name="Compilation remark"
           type="warning"
           msg="3"
           file="1"
           line="2">
        <![CDATA[([][{}() \t#%$~[:alnum:]&_:+/\.-]+)\(([0-9]+).:[ \t]([Rr]emark[ \t]#[0-9]+:[ \t].*)]]>
    </RegEx>
    <RegEx name="Remark"
           type="info"
           msg="4"
           file="1"
           line="2">
        <![CDATA[([][{}() \t#%$~[:alnum:]&_:+/\.-]+)\(([0-9]+)\\):[ \\t]\\(col. ([0-9]+)\\)[ \\t]([Rr]emark:[ \\t].*)]]>
    </RegEx>
    <RegEx name="Compilation warning"
           type="warning"
           msg="3"
           file="1"
           line="2">
        <![CDATA[([][{}() \t#%$~[:alnum:]&_:+/\.-]+)\(([0-9]+).:[ \t]([Ww]arning[ \t]#[0-9]+:[ \t].*)]]>
    </RegEx>
    <RegEx name="General warning"
           type="warning"
           msg="1">
        <![CDATA[([Ww]arning:[ \t].*)]]>
    </RegEx>
    <RegEx name="General error"
           type="error"
           msg="1">
        <![CDATA[([Ee]rror:[ \t].*)]]>
    </RegEx>
    <RegEx name="General warning 2"
           type="warning"
           msg="1">
        <![CDATA[ifort:[ \t]([Ww]arning[ \t].*)]]>
    </RegEx>
    <RegEx name="General error 2"
           type="error"
           msg="1">
        <![CDATA[ifort:[ \t]([Ee]rror[ \t].*)]]>
    </RegEx>
    <RegEx name="General error 3"
           type="error"
           msg="3"
           file="1"
           line="2">
        <![CDATA[([][{}() \t#%$~[:alnum:]&_:+/\.-]+)\(([0-9]+).[ \t]*:[ \t]*([Ee]rror.*)]]>
    </RegEx>
    <RegEx name="Linking error 3"
           type="error"
           msg="1;2">
        <![CDATA[(LINK[ \t]:[ \t])(fatal [Ee]rror[ \t].*)]]>
    </RegEx>
    <RegEx name="Linking warning 1"
           type="warning"
           msg="1;2">
        <![CDATA[(LINK[ \t]:[ \t])(warning[ \t].*)]]>
    </RegEx>
    <RegEx name="Linking warning 2"
           type="warning"
           msg="1">
        <![CDATA[(.*\(.*.obj\) : warning LNK.*)]]>
    </RegEx>
    <RegEx name="Linking warning 3"
           type="warning"
           msg="1">
        <![CDATA[(.*.obj : warning LNK.*)]]>
    </RegEx>
    <RegEx name="Linking error"
           type="error"
           msg="3"
           file="1"
           line="2">
        <![CDATA[([][{}() \t#%$~[:alnum:]&_:+/\.-]+):([0-9]+):[ \t]([Uu]ndefined.*)]]>
    </RegEx>
    <RegEx name="Linking error 2"
           type="error"
           msg="2"
           file="1">
        <![CDATA[([][{}() \t#%$~[:alnum:]&_:+/\.-]+)[ \t]*:[ \t]*([Ee]rror.*)]]>
    </RegEx>
    <RegEx name="Warning"
           type="warning"
           msg="3"
           file="1"
           line="2">
        <![CDATA[([][{}() \t#%$~[:alnum:]&_:+/\.-]+)\(([0-9]+).:[ \t](.*)]]>
    </RegEx>
    <RegEx name="Warning command line"
           type="warning"
           msg="1">
        <![CDATA[(ifort: command line warning.*)]]>
    </RegEx>
    <RegEx name="Warning ipo"
           type="warning"
           msg="1">
        <![CDATA[(ipo: warning.*)]]>
    </RegEx>
 
</CodeBlocks_compiler_options>
