﻿<?xml version="1.0"?>
<!DOCTYPE CodeBlocks_compiler_options>
<CodeBlocks_compiler_options>
    <Program name="C"       value="f95"/>
    <Program name="CPP"     value="f95"/>
    <Program name="LD"      value="f95"/>
    <Program name="LIB"     value="ar"/>
    <Program name="WINDRES" value=""/>
    <Program name="MAKE"    value="make"/>

    <Switch name="includeDirs"             value="-I"/>
    <Switch name="libDirs"                 value="-L"/>
    <Switch name="linkLibs"                value="-l"/>
    <Switch name="defines"                 value="-D"/>
    <Switch name="genericSwitch"           value="-"/>
    <Switch name="objectExtension"         value="o"/>
    <Switch name="forceFwdSlashes"         value="false"/>
    <Switch name="forceLinkerUseQuotes"    value="false"/>
    <Switch name="forceCompilerUseQuotes"  value="false"/>
    <Switch name="needDependencies"        value="true"/>
    <Switch name="logging"                 value="default"/>
    <Switch name="libPrefix"               value="lib"/>
    <Switch name="libExtension"            value="a"/>
    <Switch name="linkerNeedsLibPrefix"    value="false"/>
    <Switch name="linkerNeedsLibExtension" value="false"/>

    <Category name="Output and Debug">
        <Option name="Compile for debugging and performance analysis"
                option="-g"/>
        <Option name="Turns on all the floating-point trapping modes"
                option="-ftrap=%all"
                supersedes="-ftrap=%none"/>
        <Option name="Turns off all the floating-point trapping modes"
                option="-ftrap=%none"
                supersedes="-ftrap=%all"/>
        <Option name="Issue a stack trace if a severe error occurs in execution"
                option="-traceback"
                additionalLibs="-traceback"/>
    </Category>


    <Category name="Compiler Diagnostics">
        <Option name="Warning for nonstandard extensions"
                option="-ansi"/>
        <Option name="Treat warning messages as errors"
                option="-errwarn=%all"/>
        <Option name="Show just error messages"
                option="-w0"
                supersedes="-w1 -w2 -w3 -w4"/>
        <Option name="Show errors and warnings"
                option="-w1"
                supersedes="-w0 -w2 -w3 -w4"/>
        <Option name="Show errors, warnings, and cautions"
                option="-w2"
                supersedes="-w0 -w1 -w3 -w4"/>
        <Option name="Show errors, warnings, cautions, and notes"
                option="-w3"
                supersedes="-w0 -w1 -w2 -w4"/>
        <Option name="Show errors, warnings, cautions, notes, and comments"
                option="-w4"
                supersedes="-w0 -w1 -w2 -w3"/>
    </Category>
    
    <Category name="Optimization">
        <Option name="Enable options that optimize execution performance"
                option="-fast"
                additionalLibs="-fast"/>
        <Option name="Enable minimum optimizations"
                option="-O1"
                supersedes="-O2 -O3 -O4 -O5 -fast"/>
        <Option name="Enable basic block level optimizations"
                option="-O2"
                supersedes="-O1 -O3 -O4 -O5 -fast"/>
        <Option name="Enable -O2 plus add loop unrolling and global optimizations at the function level"
                option="-O3"
                supersedes="-O1 -O2 -O4 -O5 -fast"/>
        <Option name="Enable -O3 plus add automatic inlining of routines contained in the same file"
                option="-O4"
                supersedes="-O1 -O2 -O3 -O5 -fast"/>
        <Option name="Enable aggressive optimizations"
                option="-O5"
                supersedes="-O1 -O2 -O3 -O4 -fast"/>
        <Option name="Enable interprocedural analysis"
                option="-xipo"
                additionalLibs="-xipo"/>
    </Category>

    <Category name="Language">
        <Option name="Source lines can be up to 132 characters long"
                option="-e"/>
        <Option name="Source files are in fixed format"
                option="-fixed"
                supersedes="-free"/>
        <Option name="Source files are in free format"
                option="-free"
                supersedes="-fixed"/>
    </Category>

    <Category name="Runtime Checks">
        <Option name="Check array for out of range subscripts at runtime"
                option="-C"/>
        <Option name="Generate special runtime checks and initializations"
                option="-xcheck=%all"/>
    </Category>


    <Category name="Preprocessor">
        <Option name="Run Fortran preprocessor on source files prior to compilation"
                option="-fpp"/>
    </Category>

    <Category name="Parallelization with OpenMP"
              exclusive="true">
        <Option name="Enable recognition of OpenMP pragmas, and ompimize with min -O3"
                option="-xopenmp=parallel"
                additionalLibs="-xopenmp=parallel"/>
        <Option name="Enable recognition of OpenMP pragmas, but do not rice the optimization level"
                option="-xopenmp=noopt"
                additionalLibs="-xopenmp=noopt"/>
    </Category>

    <Command name="CompileObject"
             value="$compiler $options $includes -moddir=$objects_output_dir -c $file -o $object "/>
    <Command name="GenDependencies"
             value="$compiler -MM $options -MF $dep_object -MT $object $includes $file"/>
    <Command name="CompileResource"
             value="$rescomp -i $file -J rc -o $resource_output -O coff $res_includes"/>
    <Command name="LinkExe"
             value="$linker $libdirs -o $exe_output $link_objects $link_resobjects $link_options $libs"/>
    <Command name="LinkConsoleExe"
             value="$linker $libdirs -o $exe_output $link_objects $link_resobjects $link_options $libs"/>
    <Command name="LinkDynamic"
             value="$linker -G $libdirs $link_objects $link_resobjects -o $exe_output $link_options $libs"/>
    <Command name="LinkStatic"
             value="rm -f $static_output&#xA;$lib_linker -r -s $static_output $link_objects"/>
    <Command name="LinkNative"
             value="$linker $libdirs -o $exe_output $link_objects $link_resobjects $link_options $libs"/>

    <RegEx name="Compilation error"
           type="error"
           msg="4;3"
           file="1"
           line="2">
        <![CDATA["([][{}() \t#%$~[:alnum:]&_:+/\.-]+)",[ \t]*Line[ \t]*=[ \t]*([0-9]+),([ \t]*Column[ \t]*=[ \t]*[0-9]+)[ \t]*:[ \t]*(ERROR:[ \t]*.*)]]>
    </RegEx>
    <RegEx name="Compilation warning"
           type="warning"
           msg="4;3"
           file="1"
           line="2">
        <![CDATA["([][{}() \t#%$~[:alnum:]&_:+/\.-]+)",[ \t]*Line[ \t]*=[ \t]*([0-9]+),([ \t]*Column[ \t]*=[ \t]*[0-9]+)[ \t]*:[ \t]*(WARNING:[ \t]*.*)]]>
    </RegEx>
    <RegEx name="Compilation comment"
           type="info"
           msg="4;3"
           file="1"
           line="2">
        <![CDATA["([][{}() \t#%$~[:alnum:]&_:+/\.-]+)",[ \t]*Line[ \t]*=[ \t]*([0-9]+),([ \t]*Column[ \t]*=[ \t]*[0-9]+)[ \t]*:[ \t]*(COMMENT:[ \t]*.*)]]>
    </RegEx>
    <RegEx name="Compilation caution"
           type="info"
           msg="4;3"
           file="1"
           line="2">
        <![CDATA["([][{}() \t#%$~[:alnum:]&_:+/\.-]+)",[ \t]*Line[ \t]*=[ \t]*([0-9]+),([ \t]*Column[ \t]*=[ \t]*[0-9]+)[ \t]*:[ \t]*(CAUTION:[ \t]*.*)]]>
    </RegEx>
    <RegEx name="General warning"
           type="warning"
           msg="1">
        <![CDATA[([Ww]arning:[ \t].*)]]>
    </RegEx>
    <RegEx name="General warning"
           type="warning"
           msg="1">
        <![CDATA[(WARNING:[ \t].*)]]>
    </RegEx>
    <RegEx name="General error"
           type="error"
           msg="1">
        <![CDATA[([Ee]rror:[ \t].*)]]>
    </RegEx>
    <RegEx name="Linking error"
           type="error"
           msg="3"
           file="1"
           line="2">
        <![CDATA["(([][{}() \t#%$~[:alnum:]&_:+/\.-]+):([0-9]+):[ \t]([Uu]ndefined.*)]]>
    </RegEx>
    <RegEx name="Linking error(2)"
           type="error"
           msg="3"
           file="1"
           line="2">
        <![CDATA[([][{}() \t#%$~[:alnum:]&_:+/\.-]+):([0-9]+):[ \t]([Uu]ndefined reference.*)]]>
    </RegEx>

</CodeBlocks_compiler_options>
