﻿<?xml version="1.0"?>
<!DOCTYPE CodeBlocks_compiler_options>
<CodeBlocks_compiler_options>
    <Program name="C"       value="ifort"/>
    <Program name="CPP"     value="ifort"/>
    <Program name="LD"      value="ifort"/>
    <Program name="LIB"     value="ar"/>
    <Program name="WINDRES" value=""/>
    <Program name="MAKE"    value="make"/>

    <Switch name="includeDirs"             value="-I"/>
    <Switch name="libDirs"                 value="-L"/>
    <Switch name="linkLibs"                value="-l"/>
    <Switch name="defines"                 value="-D"/>
    <Switch name="genericSwitch"           value="-"/>
    <Switch name="objectExtension"         value="o"/>
    <Switch name="forceFwdSlashes"         value="false"/>
    <Switch name="forceLinkerUseQuotes"    value="false"/>
    <Switch name="forceCompilerUseQuotes"  value="false"/>
    <Switch name="needDependencies"        value="true"/>
    <Switch name="logging"                 value="default"/>
    <Switch name="libPrefix"               value="lib"/>
    <Switch name="libExtension"            value="a"/>
    <Switch name="linkerNeedsLibPrefix"    value="false"/>
    <Switch name="linkerNeedsLibExtension" value="false"/>

    <Category name="Debug and diagnostics related">
        <Option name="Include debugging information in the object files"
            option="-debug full"/>
        <Option name="Trap uninitialized variables"
            option="-ftrapuv"/>
        <Option name="Perform syntax and semantic checking only (no object file produced)"
            option="-syntax-only"/>
        <Option name="Disable all warning messages"
            option="-warn none"/>
        <Option name="Warn for any undeclared symbols"
            option="-warn declarations"/>
        <Option name="Enable some warning messages"
            option="-warn general"/>
        <Option name="Enable all warning messages"
            option="-warn all"/>
        <Option name="Force warnings to be reported as errors"
            option="-warn errors"/>
        <Option name="Treat Fortran standard warnings as errors"
            option="-warn stderrors"/>
        <Option name="Check routine interfaces"
            option="-warn interfaces"/>
        <Option name="Create interface blocks for all routines in the file"
            option="-gen-interfaces"/>
        <Option name="Generate traceback information at runtime failure"
            option="-traceback"/>
    </Category>
            
    <Category name="Optimization">
        <Option name="Disable optimizations"
                option="-O0"
                supersedes="-01 -O2 -O3"/>
        <Option name="Enable optimizations at the -O1 level"
                option="-O1"
                supersedes="-00 -O2 -O3"/>
        <Option name="Enable optimizations at the -O2 level"
                option="-O2"
                supersedes="-00 -O1 -O3"/>
        <Option name="Enable optimizations at the -O3 level"
                option="-O3"
                supersedes="-00 -O1 -O2"/>
        <Option name="Enable optimizations that do not increase code size"
                option="-Os"/>
        <Option name="Enable interprocedural optimization between files"
                option="-ipo"
                additionalLibs="-ipo"/>
        <Option name="Maximize speed across the entire program"
                option="-fast"
                supersedes="-00 -O1 -O2 -O3 -ipo"
                additionalLibs="-fast"/>
        <Option name="Disable inlining"
                option="-inline-level=0"
                supersedes="-inline-level=2"/>
        <Option name="Inline any function, at the compiler's discretion"
                option="-inline-level=2"
                supersedes="-inline-level=0"/>
        <Option name="Maintain floating point precision (disables some optimizations)"
                option="-fltconsistency"/>
        <Option name="Improve floating-point precision and consistency"
                option="-mp1"/>
        <Option name="Improve precision of floating-point divides (some speed impact)"
                option="-prec-div"
                supersedes="-no-prec-div"/>
        <Option name="Use less precise floating-point division computations (some speed impact)"
                option="-no-prec-div"
                supersedes="-prec-div"/>
        <Option name="Improve precision of square root implementations"
                option="-prec-sqrt"
                supersedes="-no-prec-sqrt"/>
        <Option name="Uses a faster but less precise implementation of square root"
                option="-no-prec-sqrt"
                supersedes="-prec-sqrt"/>
        <Option name="Enable fp stack checking after every function/procedure call"
                option="-fp-stack-check"/>
        <Option name="Optimize code for host processor"
                option="-xHost"
                supersedes="-xCORE-AVX2 -xAVX -xSSE4.2 -xSSE4.1 -xSSSE3_ATOM -xSSSE3 -xSSE3 -xSSE2"/>
        <Option name="Optimize code for Intel processors that support AVX2"
                option="-xCORE-AVX2"
                supersedes="-xHost -xAVX -xSSE4.2 -xSSE4.1 -xSSSE3_ATOM -xSSSE3 -xSSE3 -xSSE2"/>
        <Option name="Optimize code for Intel processors that support AVX"
                option="-xAVX"
                supersedes="-xCORE-AVX2 -xHost -xSSE4.2 -xSSE4.1 -xSSSE3_ATOM -xSSSE3 -xSSE3 -xSSE2"/>
        <Option name="Optimize code for Intel processors that support SSE4.2"
                option="-xSSE4.2"
                supersedes="-xCORE-AVX2 -xAVX -xHost -xSSE4.1 -xSSSE3_ATOM -xSSSE3 -xSSE3 -xSSE2"/>
        <Option name="Optimize code for Intel processors that support SSE4.1"
                option="-xSSE4.1"
                supersedes="-xCORE-AVX2 -xAVX -xSSE4.2 -xHost -xSSSE3_ATOM -xSSSE3 -xSSE3 -xSSE2"/>
        <Option name="Optimize code for Intel processors that support MOVBE"
                option="-xSSSE3_ATOM"
                supersedes="-xCORE-AVX2 -xAVX -xSSE4.2 -xSSE4.1 -xHost -xSSSE3 -xSSE3 -xSSE2"/>
        <Option name="Optimize code for Intel processors that support SSSE3"
                option="-xSSSE3"
                supersedes="-xCORE-AVX2 -xAVX -xSSE4.2 -xSSE4.1 -xSSSE3_ATOM -xHost -xSSE3 -xSSE2"/>
        <Option name="Optimize code for Intel processors that support SSE3"
                option="-xSSE3"
                supersedes="-xCORE-AVX2 -xAVX -xSSE4.2 -xSSE4.1 -xSSSE3_ATOM -xSSSE3 -xHost -xSSE2"/>
        <Option name="Optimize code for Intel processors that support SSE2"
                option="-xSSE2"
                supersedes="-xCORE-AVX2 -xAVX -xSSE4.2 -xSSE4.1 -xSSSE3_ATOM -xSSSE3 -xSSE3 -xHost"/>
    </Category>
    
    <Category name="Parallelization with OpenMP"
              exclusive="true">
        <Option name="Enables the parallelizer to generate multi-threaded code based on OpenMP directives."
                option="-openmp"
                additionalLibs="-openmp"/>
    </Category>
            
    <Category name="Language">
        <Option name="Treate allocatable objects on the left-hand side of an assignment according to Fortran 2003 rules"
                option="-assume realloc_lhs"
                supersedes="-assume norealloc_lhs"/>
        <Option name="Do not treate allocatable objects on the left-hand side of an assignment according to Fortran 2003 rules"
                option="-assume norealloc_lhs"
                supersedes="-assume realloc_lhs"/>
        <Option name="Source files are in fixed format"
                option="-fixed"
                supersedes="-free"/>
        <Option name="Source files are in free format"
                option="-free"
                supersedes="-fixed"/>
        <Option name="The statement field ends at column 132 in a fixed-format file"
                option="-extend-source"/>
        <Option name="Warn if language is not standard Fortran 90"
                option="-stand f90"/>
        <Option name="Warn if language is not standard Fortran 95"
                option="-stand f95"/>
        <Option name="Warn if language is not standard Fortran 2003"
                option="-stand f03"/>
        <Option name="Warn if language is not standard Fortran 08"
                option="-stand f08"/>
    </Category>
            
    <Category name="Runtime Checks">
        <Option name="Enable all runtime error checks"
                option="-check all"/>
        <Option name="Runtime checks for out-of-bounds array subscript/substring refs"
                option="-check bounds"/>
        <Option name="Runtime checks for valid pointers"
                option="-check pointers"/>
        <Option name="Runtime checks for uninitialized variables"
                option="-check uninit"/>
     </Category>
            
    <Category name="Preprocessor">
        <Option name="Run Fortran preprocessor on source files prior to compilation"
                option="-fpp"/>
     </Category>
            
    <Category name="Compatibility">
        <Option name="Execute any DO loop at least once"
                option="-onetrip"/>
        <Option name="Enable Fortran 66 semantics"
                option="-f66"/>
        <Option name="Enable F77 run-time compatibility"
                option="-f77rtl"/>
     </Category>
            

    <Category name="Data">
        <Option name="Set default KIND of integer and logical variables to 2"
                option="-i2"
                supersedes="-i4 -i8"/>
        <Option name="Set default KIND of integer and logical variables to 4"
                option="-i4"
                supersedes="-i2 -i8"/>
        <Option name="Set default KIND of integer and logical variables to 8"
                option="-i8"
                supersedes="-i2 -i4"/>
        <Option name="Set default size of REAL to 8"
                option="-r8"
                supersedes="-r16"/>
        <Option name="Set default size of REAL to 16"
                option="-r16"
                supersedes="-r8"/>
        <Option name="Set default Double Precision KIND to 16"
                option="-double-size 128"/>
        <Option name="Initialize local saved scalars to zero"
                option="-zero"/>
        <Option name="Place variables in static memory"
                option="-save"/>
        <Option name="Add padding bytes whenever possible to obtain the natural alignment"
                option="-align"/>
    </Category>            
  
    <Command name="CompileObject"
             value="$compiler $options $includes -module $objects_output_dir -c $file -o $object "/>
    <Command name="GenDependencies"
             value="$compiler -MM $options -MF $dep_object -MT $object $includes $file"/>
    <Command name="CompileResource"
             value="$rescomp -i $file -J rc -o $resource_output -O coff $res_includes"/>
    <Command name="LinkExe"
             value="$linker $libdirs -o $exe_output $link_objects $link_resobjects $link_options $libs"/>
    <Command name="LinkConsoleExe"
             value="$linker $libdirs -o $exe_output $link_objects $link_resobjects $link_options $libs"/>
    <Command name="LinkDynamic"
             value="$linker -shared $libdirs $link_objects $link_resobjects -o $exe_output $link_options $libs"/>
    <Command name="LinkStatic"
             value="rm -f $static_output&#xA;$lib_linker -r -s $static_output $link_objects"/>
    <Command name="LinkNative"
             value="$linker $libdirs -o $exe_output $link_objects $link_resobjects $link_options $libs"/>
   
     <RegEx name="Compilation remark"
           type="warning"
           msg="3"
           file="1"
           line="2">
        <![CDATA[([][{}() \t#%$~[:alnum:]&_:+/\.-]+)\(([0-9]+).:[ \t]([Rr]emark[ \t]#[0-9]+:[ \t].*)]]>
    </RegEx>
    <RegEx name="Remark"
           type="info"
           msg="4"
           file="1"
           line="2">
        <![CDATA[([][{}() \t#%$~[:alnum:]&_:+/\.-]+)\(([0-9]+)\\):[ \\t]\\(col. ([0-9]+)\\)[ \\t]([Rr]emark:[ \\t].*)]]>
    </RegEx>
    <RegEx name="Compilation warning"
           type="warning"
           msg="3"
           file="1"
           line="2">
        <![CDATA[([][{}() \t#%$~[:alnum:]&_:+/\.-]+)\(([0-9]+).:[ \t]([Ww]arning[ \t]#[0-9]+:[ \t].*)]]>
    </RegEx>
    <RegEx name="General warning"
           type="warning"
           msg="1">
        <![CDATA[([Ww]arning:[ \t].*)]]>
    </RegEx>
    <RegEx name="General error"
           type="error"
           msg="1">
        <![CDATA[([Ee]rror:[ \t].*)]]>
    </RegEx>
    <RegEx name="General warning 2"
           type="warning"
           msg="1">
        <![CDATA[ifort:[ \t]([Ww]arning[ \t].*)]]>
    </RegEx>
    <RegEx name="General error 2"
           type="error"
           msg="1">
        <![CDATA[ifort:[ \t]([Ee]rror[ \t].*)]]>
    </RegEx>
    <RegEx name="Linking error"
           type="error"
           msg="3"
           file="1"
           line="2">
        <![CDATA[([][{}() \t#%$~[:alnum:]&_:+/\.-]+):([0-9]+):[ \t]([Uu]ndefined.*)]]>
    </RegEx>
    <RegEx name="Linking error 2"
           type="error"
           msg="3"
           file="1">
        <![CDATA[([][{}() \t#%$~[:alnum:]&_:+/\.-]+):(.*):[ \t](undefined reference.*)]]>
    </RegEx>
    <RegEx name="Error"
           type="error"
           msg="3"
           file="1"
           line="2">
        <![CDATA[([][{}() \t#%$~[:alnum:]&_:+/\.-]+)\(([0-9]+).:[ \t]([Ee]rror.*)]]>
    </RegEx>
    <RegEx name="Warning"
           type="warning"
           msg="3"
           file="1"
           line="2">
        <![CDATA[([][{}() \t#%$~[:alnum:]&_:+/\.-]+)\(([0-9]+).:[ \t](.*)]]>
    </RegEx>
 
</CodeBlocks_compiler_options>
